q_id,image_file,狀態,科目,單元,知識點,信心,原因/路徑
312001_數學_20251001,312001_數學_20251001.png,已分類,數學,B函數圖形,二次函數配方求頂點,0.857,已分類/數學/B函數圖形/
312002_英文_20251001,312002_英文_20251001.png,已分類,英文,B文法句型,分詞構句,0.871,已分類/英文/B文法句型/
螢幕擷取畫面 2026-09-29 105900 - 李福民,螢幕擷取畫面 2026-09-29 105900 - 李福民.png,已分類,數學,A數與式,不等式,0.775,已分類/數學/A數與式/
螢幕擷取畫面 2026-09-29 105910 - 李福民,螢幕擷取畫面 2026-09-29 105910 - 李福民.png,已分類,數學,D向量矩陣,平面向量,0.693,已分類/數學/D向量矩陣/
螢幕擷取畫面 2026-09-29 105939,螢幕擷取畫面 2026-09-29 105939.png,已分類,數學,D向量矩陣,內積外積,0.766,已分類/數學/D向量矩陣/
螢幕擷取畫面 2026-09-29 110014 - 李福民,螢幕擷取畫面 2026-09-29 110014 - 李福民.png,已分類,地科,B大氣海洋,鋒面氣旋,0.703,已分類/地科/B大氣海洋/
螢幕擷取畫面 2026-09-29 110033 - 李福民,螢幕擷取畫面 2026-09-29 110033 - 李福民.png,已分類,物理,B牛頓力學,牛頓第二定律,0.765,已分類/物理/B牛頓力學/
螢幕擷取畫面 2026-09-29 110056,螢幕擷取畫面 2026-09-29 110056.png,已分類,化學,D化學平衡,pH計算,0.704,已分類/化學/D化學平衡/
螢幕擷取畫面 2026-09-29 110140 - 李福民,螢幕擷取畫面 2026-09-29 110140 - 李福民.png,已分類,歷史,C世界史,文藝復興,0.761,已分類/歷史/C世界史/
螢幕擷取畫面 2026-09-29 110155 - 李福民,螢幕擷取畫面 2026-09-29 110155 - 李福民.png,已分類,地理,B地形氣候,風化侵蝕,0.786,已分類/地理/B地形氣候/
螢幕擷取畫面 2026-09-29 110317 - 李福民,螢幕擷取畫面 2026-09-29 110317 - 李福民.png,未分類,數學,B函數圖形,二次函數配方求頂點,0.0,OCR信心0.0或字數0不足；信心低或文字過少，請重拍：填滿畫面、開燈、只拍一題
螢幕擷取畫面 2026-09-29 110317,螢幕擷取畫面 2026-09-29 110317.png,未分類,數學,B函數圖形,二次函數配方求頂點,0.0,OCR信心0.0或字數0不足；信心低或文字過少，請重拍：填滿畫面、開燈、只拍一題
螢幕擷取畫面 2026-09-29 110329 - 李福民,螢幕擷取畫面 2026-09-29 110329 - 李福民.png,已分類,英文,D閱讀測驗,主旨推論,0.896,已分類/英文/D閱讀測驗/
表單新上傳_312004_數學_20251002,表單新上傳_312004_數學_20251002.png,已分類,數學,B函數圖形,二次函數配方求頂點,0.857,已分類/數學/B函數圖形/
螢幕擷取畫面 2026-10-06 150249 - 30717陳翊恩,螢幕擷取畫面 2026-10-06 150249 - 30717陳翊恩.png,已分類,數學,B函數圖形,二次函數配方求頂點,0.729,已分類/數學/B函數圖形/
PXL_20261007_061350987 - 李福民,PXL_20261007_061350987 - 李福民.jpg,已分類,數學,B函數圖形,二次函數配方求頂點,0.675,已分類/數學/B函數圖形/
PXL_20261007_050910016 - 李福民,PXL_20261007_050910016 - 李福民.jpg,已分類,國文,A文言文閱讀,論語選讀,0.791,已分類/國文/A文言文閱讀/
PXL_20261007_050951022.MP - 李福民,PXL_20261007_050951022.MP - 李福民.jpg,已分類,國文,B現代散文,主旨判斷,0.741,已分類/國文/B現代散文/
PXL_20261007_061435379 - 李福民,PXL_20261007_061435379 - 李福民.jpg,已分類,數學,C三角比,正餘弦定理,0.653,已分類/數學/C三角比/
PXL_20261007_072953152 - 李福民,PXL_20261007_072953152 - 李福民.jpg,未分類,待確認,待確認,待確認,0.729,查無科目關鍵字，待muse-spark/人工複判（絕不硬猜數學）
PXL_20261007_073126517 - 李福民,PXL_20261007_073126517 - 李福民.jpg,已分類,歷史,C世界史,第二次世界大戰,0.812,已分類/歷史/C世界史/
